<?xml version="1.0" encoding="UTF-8"?>
<project-private xmlns="http://www.netbeans.org/ns/project-private/1">
    <editor-bookmarks xmlns="http://www.netbeans.org/ns/editor-bookmarks/2" lastBookmarkId="0"/>
    <open-files xmlns="http://www.netbeans.org/ns/projectui-open-files/2">
        <group>
            <file>file:/C:/Users/ragul/OneDrive/Documents/NetBeansProjects/Event_Management/src/event_management/Owner_choice.java</file>
            <file>file:/C:/Users/ragul/OneDrive/Documents/NetBeansProjects/Event_Management/src/event_management/Signup.java</file>
            <file>file:/C:/Users/ragul/OneDrive/Documents/NetBeansProjects/Event_Management/src/event_management/Owner_delete.java</file>
        </group>
    </open-files>
</project-private>
